[
  {
    "platform" : "IPHONE_ARM64",
    "searchTime" : "2022-09-26T23:25:16.447Z[UTC]",
    "searchQuery" : "marfos",
    "searchInteractionURIs" : [
    ]
  },
  {
    "platform" : "IPHONE_ARM64",
    "searchTime" : "2022-09-26T23:25:16.840Z[UTC]",
    "searchQuery" : "mar",
    "searchInteractionURIs" : [
    ]
  },
  {
    "platform" : "IPHONE",
    "searchTime" : "2022-09-26T23:25:18.537Z[UTC]",
    "searchQuery" : "marcos ",
    "searchInteractionURIs" : [
      "spotify:artist:5I0EPnV9gwrZYTbScjnaOk"
    ]
  },
  {
    "platform" : "IPHONE",
    "searchTime" : "2022-09-27T16:01:25.675Z[UTC]",
    "searchQuery" : "jov",
    "searchInteractionURIs" : [
      "spotify:artist:4m5LghDfOKFZNEBZ0GO1OQ"
    ]
  },
  {
    "platform" : "WIN32_X86",
    "searchTime" : "2022-09-27T16:27:45.126Z[UTC]",
    "searchQuery" : "jovem dion",
    "searchInteractionURIs" : [
    ]
  },
  {
    "platform" : "IPHONE",
    "searchTime" : "2022-09-27T20:16:12.310Z[UTC]",
    "searchQuery" : "cu",
    "searchInteractionURIs" : [
    ]
  },
  {
    "platform" : "IPHONE",
    "searchTime" : "2022-09-28T11:08:21.110Z[UTC]",
    "searchQuery" : "new ",
    "searchInteractionURIs" : [
      "spotify:track:64dLd6rVqDLtkXFYrEUHIU"
    ]
  },
  {
    "platform" : "WIN32_X86",
    "searchTime" : "2022-09-30T13:32:56.780Z[UTC]",
    "searchQuery" : "lum",
    "searchInteractionURIs" : [
    ]
  },
  {
    "platform" : "IPHONE",
    "searchTime" : "2022-10-01T18:45:30.638Z[UTC]",
    "searchQuery" : "gil",
    "searchInteractionURIs" : [
      "spotify:artist:6q7nMIVgGohQ14mSsq3F8t"
    ]
  },
  {
    "platform" : "IPHONE",
    "searchTime" : "2022-10-02T01:37:33.510Z[UTC]",
    "searchQuery" : "boun",
    "searchInteractionURIs" : [
      "spotify:playlist:7sSQXBVfc1t8ntyf0qApAm"
    ]
  },
  {
    "platform" : "IPHONE_ARM64",
    "searchTime" : "2022-10-02T01:38:23.639Z[UTC]",
    "searchQuery" : "h",
    "searchInteractionURIs" : [
    ]
  },
  {
    "platform" : "IPHONE_ARM64",
    "searchTime" : "2022-10-03T21:04:49.655Z[UTC]",
    "searchQuery" : "mani",
    "searchInteractionURIs" : [
    ]
  },
  {
    "platform" : "IPHONE",
    "searchTime" : "2022-10-03T21:04:52.784Z[UTC]",
    "searchQuery" : "manifesto ",
    "searchInteractionURIs" : [
    ]
  },
  {
    "platform" : "IPHONE",
    "searchTime" : "2022-10-05T10:23:55.704Z[UTC]",
    "searchQuery" : "arc",
    "searchInteractionURIs" : [
      "spotify:playlist:37i9dQZF1DZ06evO4BaAkp"
    ]
  },
  {
    "platform" : "IPHONE",
    "searchTime" : "2022-10-05T11:38:42.660Z[UTC]",
    "searchQuery" : "choco",
    "searchInteractionURIs" : [
      "spotify:playlist:37i9dQZF1DWX3SAODMj4JP"
    ]
  },
  {
    "platform" : "IPHONE_ARM64",
    "searchTime" : "2022-10-05T11:39:46.363Z[UTC]",
    "searchQuery" : "oce",
    "searchInteractionURIs" : [
    ]
  },
  {
    "platform" : "IPHONE_ARM64",
    "searchTime" : "2022-10-05T11:39:46.534Z[UTC]",
    "searchQuery" : "ocea",
    "searchInteractionURIs" : [
    ]
  },
  {
    "platform" : "IPHONE",
    "searchTime" : "2022-10-05T11:39:46.823Z[UTC]",
    "searchQuery" : "oceans",
    "searchInteractionURIs" : [
      "spotify:track:5SDcksP8En1l6RtTY1wzHc"
    ]
  },
  {
    "platform" : "IPHONE_ARM64",
    "searchTime" : "2022-10-06T21:52:01.916Z[UTC]",
    "searchQuery" : "s",
    "searchInteractionURIs" : [
    ]
  },
  {
    "platform" : "IPHONE",
    "searchTime" : "2022-10-06T21:52:03.024Z[UTC]",
    "searchQuery" : "sorte ",
    "searchInteractionURIs" : [
      "spotify:track:6oby4VF2Jhf0XohwsxyZ90"
    ]
  },
  {
    "platform" : "IPHONE",
    "searchTime" : "2022-10-07T10:24:30.058Z[UTC]",
    "searchQuery" : "all time",
    "searchInteractionURIs" : [
      "spotify:track:1CnPYaKxTVb4LWOtiGOm0m"
    ]
  },
  {
    "platform" : "IPHONE",
    "searchTime" : "2022-10-07T10:59:03.131Z[UTC]",
    "searchQuery" : "jov",
    "searchInteractionURIs" : [
      "spotify:artist:4m5LghDfOKFZNEBZ0GO1OQ"
    ]
  },
  {
    "platform" : "IPHONE_ARM64",
    "searchTime" : "2022-10-13T01:25:33.393Z[UTC]",
    "searchQuery" : "mo",
    "searchInteractionURIs" : [
    ]
  },
  {
    "platform" : "IPHONE",
    "searchTime" : "2022-10-13T01:25:34.149Z[UTC]",
    "searchQuery" : "morar",
    "searchInteractionURIs" : [
      "spotify:track:79tiBkScYqTRBvWUG8MJwg"
    ]
  },
  {
    "platform" : "IPHONE",
    "searchTime" : "2022-10-13T15:40:58.536Z[UTC]",
    "searchQuery" : "l7",
    "searchInteractionURIs" : [
      "spotify:artist:0JjPiLQNgAFaEkwoy56B1C"
    ]
  },
  {
    "platform" : "WEBPLAYER",
    "searchTime" : "2022-10-15T21:04:54.225Z[UTC]",
    "searchQuery" : "King ",
    "searchInteractionURIs" : [
    ]
  },
  {
    "platform" : "",
    "searchTime" : "2022-10-16T00:08:12.012Z[UTC]",
    "searchQuery" : "K",
    "searchInteractionURIs" : [
    ]
  },
  {
    "platform" : "",
    "searchTime" : "2022-10-16T00:08:12.183Z[UTC]",
    "searchQuery" : "K",
    "searchInteractionURIs" : [
    ]
  },
  {
    "platform" : "",
    "searchTime" : "2022-10-16T00:08:12.232Z[UTC]",
    "searchQuery" : "Ki",
    "searchInteractionURIs" : [
    ]
  },
  {
    "platform" : "WEBPLAYER",
    "searchTime" : "2022-10-16T00:08:12.254Z[UTC]",
    "searchQuery" : "K",
    "searchInteractionURIs" : [
    ]
  },
  {
    "platform" : "",
    "searchTime" : "2022-10-16T00:08:12.452Z[UTC]",
    "searchQuery" : "Ki",
    "searchInteractionURIs" : [
    ]
  },
  {
    "platform" : "",
    "searchTime" : "2022-10-16T00:08:12.647Z[UTC]",
    "searchQuery" : "King ",
    "searchInteractionURIs" : [
    ]
  },
  {
    "platform" : "",
    "searchTime" : "2022-10-16T00:08:12.778Z[UTC]",
    "searchQuery" : "King ",
    "searchInteractionURIs" : [
    ]
  },
  {
    "platform" : "",
    "searchTime" : "2022-10-16T00:08:13.461Z[UTC]",
    "searchQuery" : "King Kale",
    "searchInteractionURIs" : [
    ]
  },
  {
    "platform" : "WEBPLAYER",
    "searchTime" : "2022-10-16T00:08:13.546Z[UTC]",
    "searchQuery" : "King Kale",
    "searchInteractionURIs" : [
    ]
  },
  {
    "platform" : "",
    "searchTime" : "2022-10-16T00:08:13.578Z[UTC]",
    "searchQuery" : "King Kale",
    "searchInteractionURIs" : [
    ]
  },
  {
    "platform" : "",
    "searchTime" : "2022-10-16T00:08:13.764Z[UTC]",
    "searchQuery" : "King Kaled",
    "searchInteractionURIs" : [
    ]
  },
  {
    "platform" : "",
    "searchTime" : "2022-10-16T00:08:13.912Z[UTC]",
    "searchQuery" : "King Kaled",
    "searchInteractionURIs" : [
    ]
  },
  {
    "platform" : "IPHONE_ARM64",
    "searchTime" : "2022-10-16T02:14:33.552Z[UTC]",
    "searchQuery" : "chi",
    "searchInteractionURIs" : [
    ]
  },
  {
    "platform" : "IPHONE_ARM64",
    "searchTime" : "2022-10-16T02:14:33.657Z[UTC]",
    "searchQuery" : "chico",
    "searchInteractionURIs" : [
    ]
  },
  {
    "platform" : "IPHONE",
    "searchTime" : "2022-10-16T02:14:33.983Z[UTC]",
    "searchQuery" : "chico ",
    "searchInteractionURIs" : [
      "spotify:artist:3vlUveVfzPXzhiPGjHHxOH"
    ]
  },
  {
    "platform" : "IPHONE",
    "searchTime" : "2022-10-18T14:35:02.738Z[UTC]",
    "searchQuery" : "j",
    "searchInteractionURIs" : [
    ]
  },
  {
    "platform" : "IPHONE",
    "searchTime" : "2022-10-20T23:43:15.755Z[UTC]",
    "searchQuery" : "iaia",
    "searchInteractionURIs" : [
      "spotify:track:1aZCM7CEdgKkGHGJrzwIR7",
      "spotify:track:3z25s5CbQQFSvk4cv3qWKo",
      "spotify:track:1aZCM7CEdgKkGHGJrzwIR7"
    ]
  },
  {
    "platform" : "IPHONE",
    "searchTime" : "2022-10-23T17:39:03.256Z[UTC]",
    "searchQuery" : "ar",
    "searchInteractionURIs" : [
      "spotify:playlist:37i9dQZF1DZ06evO4BaAkp"
    ]
  },
  {
    "platform" : "IPHONE",
    "searchTime" : "2022-10-25T13:38:48.119Z[UTC]",
    "searchQuery" : "eu imag",
    "searchInteractionURIs" : [
      "spotify:track:2DCFVhnc9a7OVCsUC8BFtA"
    ]
  },
  {
    "platform" : "IPHONE",
    "searchTime" : "2022-10-25T13:39:13.317Z[UTC]",
    "searchQuery" : "mc ",
    "searchInteractionURIs" : [
      "spotify:artist:1WQBwwssN6r8DSjUlkyUGW"
    ]
  },
  {
    "platform" : "IPHONE_ARM64",
    "searchTime" : "2022-10-27T13:50:55.335Z[UTC]",
    "searchQuery" : "telh",
    "searchInteractionURIs" : [
    ]
  },
  {
    "platform" : "IPHONE",
    "searchTime" : "2022-10-27T13:51:01.287Z[UTC]",
    "searchQuery" : "telhado",
    "searchInteractionURIs" : [
      "spotify:playlist:4N4UYcKvIdvpo5XVTwos8k"
    ]
  },
  {
    "platform" : "IPHONE_ARM64",
    "searchTime" : "2022-10-27T13:51:27.074Z[UTC]",
    "searchQuery" : "conta",
    "searchInteractionURIs" : [
    ]
  },
  {
    "platform" : "IPHONE_ARM64",
    "searchTime" : "2022-10-27T19:17:17.269Z[UTC]",
    "searchQuery" : "m",
    "searchInteractionURIs" : [
    ]
  },
  {
    "platform" : "IPHONE",
    "searchTime" : "2022-10-27T19:17:18.078Z[UTC]",
    "searchQuery" : "manesk",
    "searchInteractionURIs" : [
      "spotify:artist:0lAWpj5szCSwM4rUMHYmrr"
    ]
  },
  {
    "platform" : "IPHONE_ARM64",
    "searchTime" : "2022-10-28T14:30:15.210Z[UTC]",
    "searchQuery" : "j",
    "searchInteractionURIs" : [
    ]
  },
  {
    "platform" : "IPHONE",
    "searchTime" : "2022-10-28T14:30:16.013Z[UTC]",
    "searchQuery" : "justi",
    "searchInteractionURIs" : [
      "spotify:artist:1uNFoZAHBGtllmzznpCI3s"
    ]
  },
  {
    "platform" : "IPHONE_ARM64",
    "searchTime" : "2022-10-28T18:33:55.341Z[UTC]",
    "searchQuery" : "grea",
    "searchInteractionURIs" : [
    ]
  },
  {
    "platform" : "IPHONE",
    "searchTime" : "2022-10-28T18:33:56.760Z[UTC]",
    "searchQuery" : "great ",
    "searchInteractionURIs" : [
      "spotify:track:79iLGWV1TP277jSF8QJEo3"
    ]
  },
  {
    "platform" : "WIN32_X86",
    "searchTime" : "2022-10-31T23:14:52.178Z[UTC]",
    "searchQuery" : "Castelo Fo",
    "searchInteractionURIs" : [
    ]
  },
  {
    "platform" : "WIN32_X86",
    "searchTime" : "2022-11-03T19:02:26.568Z[UTC]",
    "searchQuery" : "lo",
    "searchInteractionURIs" : [
    ]
  },
  {
    "platform" : "IPHONE_ARM64",
    "searchTime" : "2022-11-06T16:58:32.530Z[UTC]",
    "searchQuery" : "tyler ",
    "searchInteractionURIs" : [
    ]
  },
  {
    "platform" : "IPHONE",
    "searchTime" : "2022-11-06T16:58:33.476Z[UTC]",
    "searchQuery" : "tyler the ",
    "searchInteractionURIs" : [
      "spotify:playlist:37i9dQZF1DWSrdTgewhgZq",
      "spotify:playlist:37i9dQZF1DWVY5eNJoKHd2"
    ]
  },
  {
    "platform" : "IPHONE",
    "searchTime" : "2022-11-06T18:56:15.372Z[UTC]",
    "searchQuery" : "r&b",
    "searchInteractionURIs" : [
      "spotify:playlist:37i9dQZF1DWWWvWJNPeyJE",
      "spotify:playlist:5Celfq2zJpBNoxOgE4kx5v"
    ]
  },
  {
    "platform" : "IPHONE",
    "searchTime" : "2022-11-06T18:56:34.368Z[UTC]",
    "searchQuery" : "r&b",
    "searchInteractionURIs" : [
      "spotify:genre:0JQ5DAqbMKFEZPnFQSFB1T",
      "spotify:genre:0JQ5DAqbMKFEZPnFQSFB1T"
    ]
  },
  {
    "platform" : "IPHONE",
    "searchTime" : "2022-11-07T14:33:17.276Z[UTC]",
    "searchQuery" : "lauri",
    "searchInteractionURIs" : [
      "spotify:show:0znjxREK2kgs1iL0i7W46V"
    ]
  },
  {
    "platform" : "IPHONE_ARM64",
    "searchTime" : "2022-11-07T23:08:33.340Z[UTC]",
    "searchQuery" : "p",
    "searchInteractionURIs" : [
    ]
  },
  {
    "platform" : "IPHONE_ARM64",
    "searchTime" : "2022-11-07T23:08:33.905Z[UTC]",
    "searchQuery" : "pacien",
    "searchInteractionURIs" : [
    ]
  },
  {
    "platform" : "IPHONE_ARM64",
    "searchTime" : "2022-11-07T23:08:34.093Z[UTC]",
    "searchQuery" : "pacient",
    "searchInteractionURIs" : [
    ]
  },
  {
    "platform" : "IPHONE",
    "searchTime" : "2022-11-07T23:08:34.738Z[UTC]",
    "searchQuery" : "paciente ",
    "searchInteractionURIs" : [
      "spotify:show:4oh9G7rQXhTjI0mrXuuKm1"
    ]
  },
  {
    "platform" : "IPHONE_ARM64",
    "searchTime" : "2022-11-07T23:09:09.886Z[UTC]",
    "searchQuery" : "paciente 63 ",
    "searchInteractionURIs" : [
    ]
  },
  {
    "platform" : "IPHONE_ARM64",
    "searchTime" : "2022-11-07T23:09:16.356Z[UTC]",
    "searchQuery" : " 63 ",
    "searchInteractionURIs" : [
    ]
  },
  {
    "platform" : "IPHONE",
    "searchTime" : "2022-11-07T23:09:17.947Z[UTC]",
    "searchQuery" : "caso 63 ",
    "searchInteractionURIs" : [
      "spotify:show:20ch3IIqtWSSM4nfy11ZzP"
    ]
  },
  {
    "platform" : "IPHONE",
    "searchTime" : "2022-11-07T23:10:17.725Z[UTC]",
    "searchQuery" : "citi",
    "searchInteractionURIs" : [
      "spotify:artist:3e7KVnSiZjsBkReSv0L6db",
      "spotify:artist:6d9rhdwIVsqblUFXu7qEBp"
    ]
  },
  {
    "platform" : "IPHONE_ARM64",
    "searchTime" : "2022-11-07T23:11:30.407Z[UTC]",
    "searchQuery" : "the be",
    "searchInteractionURIs" : [
    ]
  },
  {
    "platform" : "IPHONE_ARM64",
    "searchTime" : "2022-11-07T23:11:31.094Z[UTC]",
    "searchQuery" : "the be",
    "searchInteractionURIs" : [
    ]
  },
  {
    "platform" : "IPHONE",
    "searchTime" : "2022-11-07T23:11:31.750Z[UTC]",
    "searchQuery" : "the bri",
    "searchInteractionURIs" : [
      "spotify:artist:26nltVmOVeIfYmwcmqTm7e"
    ]
  },
  {
    "platform" : "IPHONE",
    "searchTime" : "2022-11-07T23:12:35.048Z[UTC]",
    "searchQuery" : "gungr",
    "searchInteractionURIs" : [
      "spotify:artist:4J4o73Oun7v0XXRjN8DPif"
    ]
  },
  {
    "platform" : "IPHONE",
    "searchTime" : "2022-11-07T23:42:42.388Z[UTC]",
    "searchQuery" : "tyl",
    "searchInteractionURIs" : [
      "spotify:artist:4V8LLVI7PbaPR0K2TGSxFF",
      "spotify:playlist:37i9dQZF1DX8IzjtXj8ThV",
      "spotify:album:5zi7WsKlIiUXv09tbGLKsE",
      "spotify:track:3EG9FJ0ToLfgnc1IG2Z1wz",
      "spotify:playlist:19mT3KUlZgjLoZZicHt5c3"
    ]
  },
  {
    "platform" : "IPHONE",
    "searchTime" : "2022-11-08T14:07:44.163Z[UTC]",
    "searchQuery" : "lof",
    "searchInteractionURIs" : [
      "spotify:genre:0JQ5DAqbMKFKDIyhfS9NTT",
      "spotify:playlist:0vvXsWCC9xrXsKd4FyS8kM"
    ]
  },
  {
    "platform" : "IPHONE",
    "searchTime" : "2022-11-08T14:38:06.133Z[UTC]",
    "searchQuery" : "anti",
    "searchInteractionURIs" : [
      "spotify:track:0V3wPSX9ygBnCm8psDIegu",
      "spotify:album:151w1FgRZfnKZA9FEcg9Z3"
    ]
  },
  {
    "platform" : "IPHONE",
    "searchTime" : "2022-11-08T14:48:23.777Z[UTC]",
    "searchQuery" : "lana del ",
    "searchInteractionURIs" : [
      "spotify:artist:00FQb4jTyendYWaN8pK0wa"
    ]
  },
  {
    "platform" : "IPHONE_ARM64",
    "searchTime" : "2022-11-08T14:56:44.035Z[UTC]",
    "searchQuery" : "la",
    "searchInteractionURIs" : [
    ]
  },
  {
    "platform" : "IPHONE_ARM64",
    "searchTime" : "2022-11-08T14:56:44.382Z[UTC]",
    "searchQuery" : "larga",
    "searchInteractionURIs" : [
    ]
  },
  {
    "platform" : "IPHONE",
    "searchTime" : "2022-11-08T14:56:45.241Z[UTC]",
    "searchQuery" : "largado ",
    "searchInteractionURIs" : [
      "spotify:track:371Up3WP7OqJNFPf0BiyUe"
    ]
  },
  {
    "platform" : "IPHONE_ARM64",
    "searchTime" : "2022-11-08T14:57:41.824Z[UTC]",
    "searchQuery" : "sol",
    "searchInteractionURIs" : [
    ]
  },
  {
    "platform" : "IPHONE_ARM64",
    "searchTime" : "2022-11-08T14:57:42.709Z[UTC]",
    "searchQuery" : "solteir",
    "searchInteractionURIs" : [
    ]
  },
  {
    "platform" : "IPHONE",
    "searchTime" : "2022-11-08T14:57:43.046Z[UTC]",
    "searchQuery" : "solteiro",
    "searchInteractionURIs" : [
      "spotify:track:7oEr56KG6odStlQH0nvdyr",
      "spotify:track:1SMZyO0PUy8TNKqqNa9Hxb",
      "spotify:playlist:0bq7f5Mv8AfLy77UPSlz2u"
    ]
  },
  {
    "platform" : "IPHONE",
    "searchTime" : "2022-11-08T17:56:39.890Z[UTC]",
    "searchQuery" : "men",
    "searchInteractionURIs" : [
      "spotify:artist:6vTqEFbTtTRJsuIpzZgjxi"
    ]
  },
  {
    "platform" : "IPHONE_ARM64",
    "searchTime" : "2022-11-08T18:41:41.060Z[UTC]",
    "searchQuery" : "tov",
    "searchInteractionURIs" : [
    ]
  },
  {
    "platform" : "IPHONE_ARM64",
    "searchTime" : "2022-11-08T18:41:41.154Z[UTC]",
    "searchQuery" : "tove",
    "searchInteractionURIs" : [
    ]
  },
  {
    "platform" : "IPHONE",
    "searchTime" : "2022-11-08T18:41:41.650Z[UTC]",
    "searchQuery" : "tove ",
    "searchInteractionURIs" : [
      "spotify:artist:4NHQUGzhtTLFvgF5SZesLK"
    ]
  },
  {
    "platform" : "IPHONE_ARM64",
    "searchTime" : "2022-11-08T18:43:24.069Z[UTC]",
    "searchQuery" : "tove ",
    "searchInteractionURIs" : [
    ]
  },
  {
    "platform" : "IPHONE",
    "searchTime" : "2022-11-08T18:43:35.760Z[UTC]",
    "searchQuery" : "1 last",
    "searchInteractionURIs" : [
      "spotify:track:1nonPxrZoz42XGsKtLo3mg"
    ]
  },
  {
    "platform" : "IPHONE_ARM64",
    "searchTime" : "2022-11-08T18:54:36.723Z[UTC]",
    "searchQuery" : "a",
    "searchInteractionURIs" : [
    ]
  },
  {
    "platform" : "IPHONE",
    "searchTime" : "2022-11-08T18:54:38.385Z[UTC]",
    "searchQuery" : "all i nee",
    "searchInteractionURIs" : [
      "spotify:track:42Q00bTTgyQhPE2FVWaoJE",
      "spotify:track:1RB8jMVr0eSo6ExOOvXavV"
    ]
  },
  {
    "platform" : "IPHONE",
    "searchTime" : "2022-11-09T21:41:24.755Z[UTC]",
    "searchQuery" : "derret",
    "searchInteractionURIs" : [
    ]
  },
  {
    "platform" : "IPHONE_ARM64",
    "searchTime" : "2022-11-10T22:30:06.504Z[UTC]",
    "searchQuery" : "orquest",
    "searchInteractionURIs" : [
    ]
  },
  {
    "platform" : "IPHONE_ARM64",
    "searchTime" : "2022-11-10T22:30:09.032Z[UTC]",
    "searchQuery" : "orquestea ",
    "searchInteractionURIs" : [
    ]
  },
  {
    "platform" : "BROWSER",
    "searchTime" : "2022-11-13T19:07:02.599Z[UTC]",
    "searchQuery" : "killers",
    "searchInteractionURIs" : [
    ]
  },
  {
    "platform" : "WIN32_X86",
    "searchTime" : "2022-11-14T18:52:42.966Z[UTC]",
    "searchQuery" : "the j",
    "searchInteractionURIs" : [
    ]
  },
  {
    "platform" : "WIN32_X86",
    "searchTime" : "2022-11-14T18:52:47.614Z[UTC]",
    "searchQuery" : "the killers 20",
    "searchInteractionURIs" : [
    ]
  },
  {
    "platform" : "IPHONE",
    "searchTime" : "2022-11-17T09:42:57.551Z[UTC]",
    "searchQuery" : "bibo",
    "searchInteractionURIs" : [
      "spotify:show:0hhZCffnOYuqFRTxzRtuGU"
    ]
  },
  {
    "platform" : "IPHONE_ARM64",
    "searchTime" : "2022-11-18T10:48:27.032Z[UTC]",
    "searchQuery" : "bibo",
    "searchInteractionURIs" : [
    ]
  },
  {
    "platform" : "IPHONE_ARM64",
    "searchTime" : "2022-11-19T23:56:15.242Z[UTC]",
    "searchQuery" : "insi",
    "searchInteractionURIs" : [
    ]
  },
  {
    "platform" : "IPHONE_ARM64",
    "searchTime" : "2022-11-19T23:56:15.880Z[UTC]",
    "searchQuery" : "inside",
    "searchInteractionURIs" : [
    ]
  },
  {
    "platform" : "IPHONE",
    "searchTime" : "2022-11-19T23:56:17.650Z[UTC]",
    "searchQuery" : "inside my ",
    "searchInteractionURIs" : [
      "spotify:track:7yngji6ogBXvAJdeOSBHAP"
    ]
  },
  {
    "platform" : "IPHONE_ARM64",
    "searchTime" : "2022-11-20T20:36:22.574Z[UTC]",
    "searchQuery" : "quero",
    "searchInteractionURIs" : [
    ]
  },
  {
    "platform" : "IPHONE_ARM64",
    "searchTime" : "2022-11-20T20:36:23.707Z[UTC]",
    "searchQuery" : "quero dize",
    "searchInteractionURIs" : [
    ]
  },
  {
    "platform" : "IPHONE",
    "searchTime" : "2022-11-20T20:36:23.733Z[UTC]",
    "searchQuery" : "quero dizer ",
    "searchInteractionURIs" : [
      "spotify:track:03cnHtDBz4WB7m8kfcv2nO"
    ]
  },
  {
    "platform" : "IPHONE",
    "searchTime" : "2022-11-22T17:11:13.500Z[UTC]",
    "searchQuery" : "fb",
    "searchInteractionURIs" : [
      "spotify:artist:29QKtXMaVczUBDiI3aPBWS"
    ]
  },
  {
    "platform" : "IPHONE",
    "searchTime" : "2022-11-24T01:20:56.663Z[UTC]",
    "searchQuery" : "arcti",
    "searchInteractionURIs" : [
      "spotify:playlist:4E4kp49bDhaSjyGFOyMKuz"
    ]
  },
  {
    "platform" : "IPHONE_ARM64",
    "searchTime" : "2022-11-24T01:24:05.968Z[UTC]",
    "searchQuery" : "ar",
    "searchInteractionURIs" : [
    ]
  },
  {
    "platform" : "IPHONE",
    "searchTime" : "2022-11-24T01:24:09.181Z[UTC]",
    "searchQuery" : "arctic monkeys ",
    "searchInteractionURIs" : [
      "spotify:playlist:5QYSE8Ut3TlLRMpeXxMTcZ",
      "spotify:playlist:3W6kUY90rb1FUxwyWyJSpE",
      "spotify:playlist:3W6kUY90rb1FUxwyWyJSpE"
    ]
  },
  {
    "platform" : "IPHONE_ARM64",
    "searchTime" : "2022-11-24T01:26:33.398Z[UTC]",
    "searchQuery" : "arctic monkeys ",
    "searchInteractionURIs" : [
    ]
  },
  {
    "platform" : "IPHONE",
    "searchTime" : "2022-11-24T01:26:38.470Z[UTC]",
    "searchQuery" : "arctic monkeys ",
    "searchInteractionURIs" : [
      "spotify:playlist:4RtcPxlXVMS541yDSLjWLb"
    ]
  },
  {
    "platform" : "IPHONE",
    "searchTime" : "2022-11-24T01:29:34.611Z[UTC]",
    "searchQuery" : "arctic monkeys ",
    "searchInteractionURIs" : [
      "spotify:playlist:4HmIP2iQZrxnASSxFSOzYU"
    ]
  },
  {
    "platform" : "IPHONE",
    "searchTime" : "2022-11-24T01:31:31.341Z[UTC]",
    "searchQuery" : "arctic monkeys  all",
    "searchInteractionURIs" : [
      "spotify:playlist:6b5iyBNp4Jzv9rGJfTZWFc"
    ]
  },
  {
    "platform" : "WIN32_X86",
    "searchTime" : "2022-11-24T16:16:00.384Z[UTC]",
    "searchQuery" : "a",
    "searchInteractionURIs" : [
    ]
  },
  {
    "platform" : "WIN32_X86",
    "searchTime" : "2022-11-24T16:16:06.665Z[UTC]",
    "searchQuery" : "arctic",
    "searchInteractionURIs" : [
    ]
  },
  {
    "platform" : "WIN32_X86",
    "searchTime" : "2022-11-24T16:16:06.970Z[UTC]",
    "searchQuery" : "arctic ",
    "searchInteractionURIs" : [
    ]
  },
  {
    "platform" : "WIN32_X86",
    "searchTime" : "2022-11-24T16:16:18.419Z[UTC]",
    "searchQuery" : "arctic monkeys all",
    "searchInteractionURIs" : [
    ]
  },
  {
    "platform" : "IPHONE",
    "searchTime" : "2022-11-27T18:41:00.045Z[UTC]",
    "searchQuery" : "carn",
    "searchInteractionURIs" : [
      "spotify:artist:01F64hXfIisZbwBf1VCwQT"
    ]
  },
  {
    "platform" : "WIN32_X86",
    "searchTime" : "2022-11-29T12:58:00.388Z[UTC]",
    "searchQuery" : "stop t",
    "searchInteractionURIs" : [
    ]
  },
  {
    "platform" : "WIN32_X86",
    "searchTime" : "2022-11-29T12:58:00.626Z[UTC]",
    "searchQuery" : "stop t",
    "searchInteractionURIs" : [
    ]
  },
  {
    "platform" : "IPHONE",
    "searchTime" : "2022-11-30T13:50:19.232Z[UTC]",
    "searchQuery" : "wra",
    "searchInteractionURIs" : [
      "spotify:playlist:37i9dQZF1EXguaIz0PIIjE"
    ]
  },
  {
    "platform" : "IPHONE",
    "searchTime" : "2022-11-30T18:58:16.452Z[UTC]",
    "searchQuery" : "bad s",
    "searchInteractionURIs" : [
      "spotify:artist:0YhUSm86okLWldQVwJkLlP",
      "spotify:artist:0YhUSm86okLWldQVwJkLlP"
    ]
  },
  {
    "platform" : "IPHONE_ARM64",
    "searchTime" : "2022-11-30T19:00:00.795Z[UTC]",
    "searchQuery" : "saint",
    "searchInteractionURIs" : [
    ]
  },
  {
    "platform" : "IPHONE",
    "searchTime" : "2022-11-30T19:00:01.251Z[UTC]",
    "searchQuery" : "saint ",
    "searchInteractionURIs" : [
      "spotify:artist:6OE6isNAneV3vtdxKih5fg"
    ]
  },
  {
    "platform" : "IPHONE",
    "searchTime" : "2022-11-30T19:00:22.548Z[UTC]",
    "searchQuery" : "bleacher",
    "searchInteractionURIs" : [
      "spotify:artist:2eam0iDomRHGBypaDQLwWI"
    ]
  },
  {
    "platform" : "IPHONE",
    "searchTime" : "2022-11-30T19:01:03.544Z[UTC]",
    "searchQuery" : "the wom",
    "searchInteractionURIs" : [
      "spotify:artist:0Ya43ZKWHTKkAbkoJJkwIB"
    ]
  },
  {
    "platform" : "IPHONE",
    "searchTime" : "2022-11-30T19:01:52.870Z[UTC]",
    "searchQuery" : "the misn",
    "searchInteractionURIs" : [
      "spotify:artist:2NFrAuh8RQdQoS7iYFbckw"
    ]
  },
  {
    "platform" : "IPHONE",
    "searchTime" : "2022-12-01T01:15:11.377Z[UTC]",
    "searchQuery" : "flee",
    "searchInteractionURIs" : [
      "spotify:artist:4EVpmkEwrLYEg6jIsiPMIb"
    ]
  },
  {
    "platform" : "WIN32_X86",
    "searchTime" : "2022-12-05T17:32:02.618Z[UTC]",
    "searchQuery" : "IF SHE ",
    "searchInteractionURIs" : [
    ]
  },
  {
    "platform" : "WIN32_X86",
    "searchTime" : "2022-12-05T17:32:04.077Z[UTC]",
    "searchQuery" : "IF SHE L",
    "searchInteractionURIs" : [
    ]
  },
  {
    "platform" : "WIN32_X86",
    "searchTime" : "2022-12-05T17:32:10.900Z[UTC]",
    "searchQuery" : "IF SHE LOVES C",
    "searchInteractionURIs" : [
    ]
  },
  {
    "platform" : "WIN32_X86",
    "searchTime" : "2022-12-05T17:32:21.570Z[UTC]",
    "searchQuery" : "IF SHE LOVES CHRIST IS MY ",
    "searchInteractionURIs" : [
    ]
  },
  {
    "platform" : "WIN32_X86",
    "searchTime" : "2022-12-05T17:32:22.610Z[UTC]",
    "searchQuery" : "IF SHE LOVES CHRIST IS MY T",
    "searchInteractionURIs" : [
    ]
  },
  {
    "platform" : "WIN32_X86",
    "searchTime" : "2022-12-06T01:37:24.877Z[UTC]",
    "searchQuery" : "F",
    "searchInteractionURIs" : [
    ]
  },
  {
    "platform" : "IPHONE_ARM64",
    "searchTime" : "2022-12-09T21:14:02.080Z[UTC]",
    "searchQuery" : "pan",
    "searchInteractionURIs" : [
    ]
  },
  {
    "platform" : "IPHONE",
    "searchTime" : "2022-12-09T21:14:02.788Z[UTC]",
    "searchQuery" : "pani",
    "searchInteractionURIs" : [
      "spotify:artist:20JZFwl6HVl6yg8a4H3ZqK"
    ]
  },
  {
    "platform" : "IPHONE_ARM64",
    "searchTime" : "2022-12-09T22:11:24.628Z[UTC]",
    "searchQuery" : "c",
    "searchInteractionURIs" : [
    ]
  },
  {
    "platform" : "IPHONE_ARM64",
    "searchTime" : "2022-12-09T22:11:25.155Z[UTC]",
    "searchQuery" : "cage ",
    "searchInteractionURIs" : [
    ]
  },
  {
    "platform" : "IPHONE",
    "searchTime" : "2022-12-09T22:11:25.793Z[UTC]",
    "searchQuery" : "cage the ",
    "searchInteractionURIs" : [
      "spotify:playlist:37i9dQZF1DZ06evO1chrPy"
    ]
  },
  {
    "platform" : "IPHONE",
    "searchTime" : "2022-12-09T23:36:46.947Z[UTC]",
    "searchQuery" : "eu te ",
    "searchInteractionURIs" : [
      "spotify:track:4WbkVm4eW824meQyaf4qfv"
    ]
  },
  {
    "platform" : "IPHONE_ARM64",
    "searchTime" : "2022-12-10T02:56:31.072Z[UTC]",
    "searchQuery" : "fe",
    "searchInteractionURIs" : [
    ]
  },
  {
    "platform" : "IPHONE_ARM64",
    "searchTime" : "2022-12-10T02:56:31.244Z[UTC]",
    "searchQuery" : "feit",
    "searchInteractionURIs" : [
    ]
  },
  {
    "platform" : "IPHONE",
    "searchTime" : "2022-12-10T02:56:31.842Z[UTC]",
    "searchQuery" : "feitas ",
    "searchInteractionURIs" : [
    ]
  },
  {
    "platform" : "IPHONE_ARM64",
    "searchTime" : "2022-12-10T02:56:40.236Z[UTC]",
    "searchQuery" : "for",
    "searchInteractionURIs" : [
    ]
  },
  {
    "platform" : "IPHONE",
    "searchTime" : "2022-12-10T02:56:43.615Z[UTC]",
    "searchQuery" : "for you",
    "searchInteractionURIs" : [
      "spotify:playlist:37i9dQZF1DXaMu9xyX1HzK",
      "spotify:playlist:37i9dQZF1DWZBhmSz1J4m8",
      "spotify:playlist:1zYPKpfEGLtuv8j4dRT2IT"
    ]
  },
  {
    "platform" : "IPHONE",
    "searchTime" : "2022-12-12T10:55:18.294Z[UTC]",
    "searchQuery" : "more than ",
    "searchInteractionURIs" : [
      "spotify:track:1gVgkQFOKa8Wc1HYsJtPdH",
      "spotify:track:2cX2coZS1PYBfPs8wgbdWE",
      "spotify:track:1gVgkQFOKa8Wc1HYsJtPdH"
    ]
  },
  {
    "platform" : "IPHONE",
    "searchTime" : "2022-12-12T11:11:27.464Z[UTC]",
    "searchQuery" : "tuyo",
    "searchInteractionURIs" : [
      "spotify:artist:3Ujv6sa60JRiaxS8RVuNOj"
    ]
  },
  {
    "platform" : "IPHONE",
    "searchTime" : "2022-12-12T21:03:55.513Z[UTC]",
    "searchQuery" : "incen",
    "searchInteractionURIs" : [
      "spotify:track:4m1mqQuy34Nzh0480VR364"
    ]
  },
  {
    "platform" : "IPHONE",
    "searchTime" : "2022-12-12T21:05:33.722Z[UTC]",
    "searchQuery" : "wiu",
    "searchInteractionURIs" : [
      "spotify:artist:3MrDVzg7ZXaYMyQmbDInr7",
      "spotify:playlist:37i9dQZF1DWULHbs82dshJ"
    ]
  },
  {
    "platform" : "IPHONE_ARM64",
    "searchTime" : "2022-12-13T11:56:24.025Z[UTC]",
    "searchQuery" : "catali",
    "searchInteractionURIs" : [
    ]
  },
  {
    "platform" : "IPHONE",
    "searchTime" : "2022-12-13T11:56:24.774Z[UTC]",
    "searchQuery" : "catalina",
    "searchInteractionURIs" : [
      "spotify:track:2TqfK2N1kFoX7OySPCB7pQ"
    ]
  },
  {
    "platform" : "WIN32_X86",
    "searchTime" : "2022-12-13T17:53:31.896Z[UTC]",
    "searchQuery" : "u2 4",
    "searchInteractionURIs" : [
    ]
  },
  {
    "platform" : "WIN32_X86",
    "searchTime" : "2022-12-13T17:53:48.891Z[UTC]",
    "searchQuery" : "u2 book",
    "searchInteractionURIs" : [
    ]
  },
  {
    "platform" : "WIN32_X86",
    "searchTime" : "2022-12-13T17:54:17.242Z[UTC]",
    "searchQuery" : "u2 su",
    "searchInteractionURIs" : [
    ]
  },
  {
    "platform" : "WIN32_X86",
    "searchTime" : "2022-12-13T17:54:19.065Z[UTC]",
    "searchQuery" : "u2 surre",
    "searchInteractionURIs" : [
    ]
  },
  {
    "platform" : "WIN32_X86",
    "searchTime" : "2022-12-13T17:54:53.092Z[UTC]",
    "searchQuery" : "u2 surrender",
    "searchInteractionURIs" : [
    ]
  },
  {
    "platform" : "WIN32_X86",
    "searchTime" : "2022-12-13T20:07:23.858Z[UTC]",
    "searchQuery" : "L",
    "searchInteractionURIs" : [
    ]
  },
  {
    "platform" : "WIN32_X86",
    "searchTime" : "2022-12-13T20:11:24.119Z[UTC]",
    "searchQuery" : "Tim Bernanr",
    "searchInteractionURIs" : [
    ]
  },
  {
    "platform" : "WIN32_X86",
    "searchTime" : "2022-12-13T20:11:24.520Z[UTC]",
    "searchQuery" : "Tim Bernanrde",
    "searchInteractionURIs" : [
    ]
  },
  {
    "platform" : "IPHONE_ARM64",
    "searchTime" : "2022-12-16T21:01:22.911Z[UTC]",
    "searchQuery" : "k",
    "searchInteractionURIs" : [
    ]
  },
  {
    "platform" : "IPHONE",
    "searchTime" : "2022-12-16T21:01:23.701Z[UTC]",
    "searchQuery" : "kleber",
    "searchInteractionURIs" : [
      "spotify:artist:1giin6byO7ehdqZBBmbI1N"
    ]
  },
  {
    "platform" : "",
    "searchTime" : "2022-12-17T00:38:04.155Z[UTC]",
    "searchQuery" : "s",
    "searchInteractionURIs" : [
    ]
  },
  {
    "platform" : "",
    "searchTime" : "2022-12-17T00:38:04.770Z[UTC]",
    "searchQuery" : "sy",
    "searchInteractionURIs" : [
    ]
  },
  {
    "platform" : "IPHONE_ARM64",
    "searchTime" : "2022-12-17T00:38:04.887Z[UTC]",
    "searchQuery" : "sy",
    "searchInteractionURIs" : [
    ]
  },
  {
    "platform" : "",
    "searchTime" : "2022-12-17T00:38:05.317Z[UTC]",
    "searchQuery" : "syd",
    "searchInteractionURIs" : [
    ]
  },
  {
    "platform" : "IPHONE",
    "searchTime" : "2022-12-17T00:38:05.587Z[UTC]",
    "searchQuery" : "syd",
    "searchInteractionURIs" : [
      "spotify:playlist:37i9dQZF1DZ06evO34PI4g"
    ]
  },
  {
    "platform" : "IPHONE",
    "searchTime" : "2022-12-19T22:24:24.150Z[UTC]",
    "searchQuery" : "charlie ",
    "searchInteractionURIs" : [
      "spotify:artist:6VuMaDnrHyPL1p4EHjYLi7"
    ]
  },
  {
    "platform" : "IPHONE_ARM64",
    "searchTime" : "2022-12-19T22:28:33.062Z[UTC]",
    "searchQuery" : "va",
    "searchInteractionURIs" : [
    ]
  },
  {
    "platform" : "IPHONE",
    "searchTime" : "2022-12-19T22:28:34.066Z[UTC]",
    "searchQuery" : "valerie",
    "searchInteractionURIs" : [
      "spotify:track:6nLvaCZFR1wEzW3sIKpsnr"
    ]
  },
  {
    "platform" : "",
    "searchTime" : "2022-12-20T00:12:26.523Z[UTC]",
    "searchQuery" : "j",
    "searchInteractionURIs" : [
    ]
  },
  {
    "platform" : "",
    "searchTime" : "2022-12-20T00:12:26.810Z[UTC]",
    "searchQuery" : "jZ",
    "searchInteractionURIs" : [
    ]
  },
  {
    "platform" : "",
    "searchTime" : "2022-12-20T00:12:26.964Z[UTC]",
    "searchQuery" : "jZz",
    "searchInteractionURIs" : [
    ]
  },
  {
    "platform" : "IPHONE",
    "searchTime" : "2022-12-20T00:12:27.009Z[UTC]",
    "searchQuery" : "jZz",
    "searchInteractionURIs" : [
      "spotify:playlist:37i9dQZF1DWV7EzJMK2FUI",
      "spotify:playlist:37i9dQZF1DXbITWG1ZJKYt",
      "spotify:playlist:37i9dQZF1EQqA6klNdJvwx"
    ]
  },
  {
    "platform" : "IPHONE",
    "searchTime" : "2022-12-23T14:59:26.802Z[UTC]",
    "searchQuery" : "foo",
    "searchInteractionURIs" : [
      "spotify:artist:7jy3rLJdDQY21OgRLCZ9sD"
    ]
  }
]